Timestamp,Open,High,Low,Close,Volume,symbol,Date
1615939200.0,2.197e-05,2.479e-05,2.132e-05,2.338e-05,321561136.0,ADA/BTC,2021-03-17
1616025600.0,2.339e-05,2.52e-05,2.092e-05,2.134e-05,420396321.0,ADA/BTC,2021-03-18
1616112000.0,2.133e-05,2.298e-05,2.092e-05,2.232e-05,181405787.0,ADA/BTC,2021-03-19
1616198400.0,2.232e-05,2.238e-05,2.063e-05,2.066e-05,101426300.0,ADA/BTC,2021-03-20
1616284800.0,2.066e-05,2.151e-05,2.041e-05,2.068e-05,69943004.0,ADA/BTC,2021-03-21
1616371200.0,2.067e-05,2.095e-05,1.967e-05,2.037e-05,108087724.0,ADA/BTC,2021-03-22
1616457600.0,2.037e-05,2.126e-05,2.027e-05,2.053e-05,85446881.0,ADA/BTC,2021-03-23
1616544000.0,2.053e-05,2.068e-05,2.001e-05,2.042e-05,87657099.0,ADA/BTC,2021-03-24
1616630400.0,2.043e-05,2.232e-05,2.024e-05,2.136e-05,135523196.0,ADA/BTC,2021-03-25
1616716800.0,2.136e-05,2.439e-05,2.109e-05,2.205e-05,278138517.0,ADA/BTC,2021-03-26
1616803200.0,2.206e-05,2.235e-05,2.096e-05,2.108e-05,63416584.0,ADA/BTC,2021-03-27
1616889600.0,2.108e-05,2.171e-05,2.095e-05,2.133e-05,58328326.0,ADA/BTC,2021-03-28
1616976000.0,2.134e-05,2.186e-05,2.069e-05,2.086e-05,67944474.0,ADA/BTC,2021-03-29
1617062400.0,2.087e-05,2.099e-05,2.05e-05,2.062e-05,55639005.0,ADA/BTC,2021-03-30
1617148800.0,2.063e-05,2.064e-05,1.985e-05,2.028e-05,72589151.0,ADA/BTC,2021-03-31
1617235200.0,2.028e-05,2.04e-05,2.006e-05,2.014e-05,57125028.0,ADA/BTC,2021-04-01
1617321600.0,2.016e-05,2.091e-05,1.986e-05,2.019e-05,69734934.0,ADA/BTC,2021-04-02
1617408000.0,2.018e-05,2.09e-05,2.016e-05,2.037e-05,72662903.0,ADA/BTC,2021-04-03
1617494400.0,2.038e-05,2.062e-05,2.022e-05,2.031e-05,49100126.0,ADA/BTC,2021-04-04
1617580800.0,2.031e-05,2.084e-05,2.021e-05,2.049e-05,81132615.0,ADA/BTC,2021-04-05
1617667200.0,2.05e-05,2.295e-05,2.019e-05,2.159e-05,196918051.0,ADA/BTC,2021-04-06
1617753600.0,2.159e-05,2.225e-05,2.076e-05,2.097e-05,88145804.0,ADA/BTC,2021-04-07
1617840000.0,2.097e-05,2.13e-05,2.086e-05,2.1e-05,53471673.0,ADA/BTC,2021-04-08
1617926400.0,2.1e-05,2.109e-05,2.057e-05,2.069e-05,37412474.0,ADA/BTC,2021-04-09
1618012800.0,2.069e-05,2.069e-05,1.995e-05,2.036e-05,77231579.0,ADA/BTC,2021-04-10
1618099200.0,2.038e-05,2.158e-05,2.002e-05,2.106e-05,108874626.0,ADA/BTC,2021-04-11
1618185600.0,2.107e-05,2.241e-05,2.1e-05,2.196e-05,150195478.0,ADA/BTC,2021-04-12
1618272000.0,2.197e-05,2.274e-05,2.069e-05,2.222e-05,173537988.0,ADA/BTC,2021-04-13
1618358400.0,2.222e-05,2.42e-05,2.152e-05,2.306e-05,246277469.0,ADA/BTC,2021-04-14
1618444800.0,2.306e-05,2.383e-05,2.257e-05,2.341e-05,92222040.0,ADA/BTC,2021-04-15
1618531200.0,2.341e-05,2.394e-05,2.211e-05,2.301e-05,134949810.0,ADA/BTC,2021-04-16
1618617600.0,2.298e-05,2.349e-05,2.253e-05,2.28e-05,62035988.0,ADA/BTC,2021-04-17
1618704000.0,2.281e-05,2.3e-05,2.022e-05,2.274e-05,159418034.0,ADA/BTC,2021-04-18
1618790400.0,2.274e-05,2.32e-05,2.143e-05,2.147e-05,80555330.0,ADA/BTC,2021-04-19
1618876800.0,2.148e-05,2.253e-05,2.076e-05,2.245e-05,80970338.0,ADA/BTC,2021-04-20
1618963200.0,2.245e-05,2.302e-05,2.208e-05,2.237e-05,70292728.0,ADA/BTC,2021-04-21
1619049600.0,2.238e-05,2.329e-05,2.195e-05,2.213e-05,100352643.0,ADA/BTC,2021-04-22
1619136000.0,2.214e-05,2.287e-05,1.876e-05,2.265e-05,183829349.0,ADA/BTC,2021-04-23
1619222400.0,2.266e-05,2.389e-05,2.2e-05,2.205e-05,73556369.0,ADA/BTC,2021-04-24
1619308800.0,2.204e-05,2.277e-05,2.165e-05,2.223e-05,44967549.0,ADA/BTC,2021-04-25
1619395200.0,2.223e-05,2.333e-05,2.208e-05,2.292e-05,61939839.0,ADA/BTC,2021-04-26
1619481600.0,2.292e-05,2.425e-05,2.285e-05,2.375e-05,73216282.0,ADA/BTC,2021-04-27
1619568000.0,2.375e-05,2.449e-05,2.289e-05,2.438e-05,68732680.0,ADA/BTC,2021-04-28
1619654400.0,2.438e-05,2.59e-05,2.387e-05,2.438e-05,108165424.0,ADA/BTC,2021-04-29
1619740800.0,2.439e-05,2.525e-05,2.326e-05,2.344e-05,72361518.0,ADA/BTC,2021-04-30
1619827200.0,2.344e-05,2.36e-05,2.294e-05,2.338e-05,40334781.0,ADA/BTC,2021-05-01
1619913600.0,2.339e-05,2.375e-05,2.3e-05,2.345e-05,36113196.0,ADA/BTC,2021-05-02
1620000000.0,2.344e-05,2.385e-05,2.3e-05,2.383e-05,55693776.0,ADA/BTC,2021-05-03
1620086400.0,2.383e-05,2.409e-05,2.312e-05,2.388e-05,69621094.0,ADA/BTC,2021-05-04
1620172800.0,2.388e-05,2.626e-05,2.365e-05,2.578e-05,130533673.0,ADA/BTC,2021-05-05
1620259200.0,2.578e-05,3.018e-05,2.526e-05,2.926e-05,251630191.0,ADA/BTC,2021-05-06
1620345600.0,2.927e-05,3.086e-05,2.76e-05,2.884e-05,168355572.0,ADA/BTC,2021-05-07
1620432000.0,2.883e-05,2.886e-05,2.679e-05,2.754e-05,84512826.0,ADA/BTC,2021-05-08
1620518400.0,2.754e-05,3.192e-05,2.714e-05,3.033e-05,224134974.0,ADA/BTC,2021-05-09
1620604800.0,3.033e-05,3.099e-05,2.83e-05,2.942e-05,141304022.0,ADA/BTC,2021-05-10
1620691200.0,2.941e-05,3.175e-05,2.904e-05,3.11e-05,97238312.0,ADA/BTC,2021-05-11
1620777600.0,3.113e-05,3.2e-05,3.05e-05,3.163e-05,117166326.0,ADA/BTC,2021-05-12
1620864000.0,3.16e-05,3.964e-05,3.136e-05,3.882e-05,340220851.0,ADA/BTC,2021-05-13
1620950400.0,3.881e-05,4.093e-05,3.67e-05,4.028e-05,148727505.0,ADA/BTC,2021-05-14
1621036800.0,4.028e-05,4.85e-05,3.978e-05,4.653e-05,305695131.0,ADA/BTC,2021-05-15
1621123200.0,4.651e-05,5.049e-05,4.518e-05,4.955e-05,227967737.0,ADA/BTC,2021-05-16
1621209600.0,4.956e-05,5e-05,4.517e-05,4.664e-05,172989107.0,ADA/BTC,2021-05-17
1621296000.0,4.665e-05,4.786e-05,4.528e-05,4.675e-05,92607578.0,ADA/BTC,2021-05-18
1621382400.0,4.675e-05,4.691e-05,3.097e-05,4e-05,404183307.0,ADA/BTC,2021-05-19
1621468800.0,4.002e-05,4.65e-05,3.773e-05,4.441e-05,190363898.0,ADA/BTC,2021-05-20
1621555200.0,4.443e-05,4.479e-05,3.936e-05,4.156e-05,147535772.0,ADA/BTC,2021-05-21
1621641600.0,4.157e-05,4.214e-05,3.813e-05,3.908e-05,100401828.0,ADA/BTC,2021-05-22
1621728000.0,3.909e-05,4.037e-05,3.354e-05,3.786e-05,202057001.0,ADA/BTC,2021-05-23
1621814400.0,3.791e-05,4.061e-05,3.589e-05,3.998e-05,151384321.0,ADA/BTC,2021-05-24
1621900800.0,3.994e-05,4.15e-05,3.901e-05,4.049e-05,99216021.0,ADA/BTC,2021-05-25
1621987200.0,4.051e-05,4.554e-05,4.05e-05,4.532e-05,131851327.0,ADA/BTC,2021-05-26
1622073600.0,4.532e-05,4.568e-05,4.25e-05,4.297e-05,65276705.0,ADA/BTC,2021-05-27
1622160000.0,4.297e-05,4.391e-05,4.112e-05,4.241e-05,95591685.0,ADA/BTC,2021-05-28
1622246400.0,4.244e-05,4.316e-05,3.942e-05,4.055e-05,64770336.0,ADA/BTC,2021-05-29
1622332800.0,4.057e-05,4.66e-05,4.016e-05,4.421e-05,108042540.0,ADA/BTC,2021-05-30
1622419200.0,4.421e-05,4.7e-05,4.398e-05,4.662e-05,60088768.0,ADA/BTC,2021-05-31
1622505600.0,4.663e-05,4.857e-05,4.583e-05,4.734e-05,70104943.0,ADA/BTC,2021-06-01
1622592000.0,4.733e-05,4.895e-05,4.558e-05,4.668e-05,66857587.0,ADA/BTC,2021-06-02
1622678400.0,4.667e-05,4.798e-05,4.59e-05,4.703e-05,55154617.0,ADA/BTC,2021-06-03
1622764800.0,4.703e-05,4.722e-05,4.418e-05,4.638e-05,72810379.0,ADA/BTC,2021-06-04
1622851200.0,4.638e-05,4.734e-05,4.618e-05,4.663e-05,42023542.0,ADA/BTC,2021-06-05
1622937600.0,4.663e-05,4.707e-05,4.619e-05,4.684e-05,22244540.0,ADA/BTC,2021-06-06
1623024000.0,4.685e-05,4.763e-05,4.633e-05,4.663e-05,38099703.0,ADA/BTC,2021-06-07
1623110400.0,4.665e-05,4.747e-05,4.503e-05,4.74e-05,67027980.0,ADA/BTC,2021-06-08
1623196800.0,4.74e-05,4.754e-05,4.317e-05,4.355e-05,51067305.0,ADA/BTC,2021-06-09
1623283200.0,4.355e-05,4.364e-05,4.13e-05,4.178e-05,43693451.0,ADA/BTC,2021-06-10
1623369600.0,4.178e-05,4.185e-05,3.839e-05,3.85e-05,47544903.0,ADA/BTC,2021-06-11
1623456000.0,3.848e-05,4.168e-05,3.804e-05,4.161e-05,48075899.0,ADA/BTC,2021-06-12
1623542400.0,4.161e-05,4.2e-05,3.896e-05,3.989e-05,38632773.0,ADA/BTC,2021-06-13
1623628800.0,3.989e-05,4.012e-05,3.83e-05,3.889e-05,36426555.0,ADA/BTC,2021-06-14
1623715200.0,3.891e-05,3.997e-05,3.834e-05,3.874e-05,27006100.0,ADA/BTC,2021-06-15
1623801600.0,3.874e-05,3.926e-05,3.841e-05,3.873e-05,19465763.0,ADA/BTC,2021-06-16
1623888000.0,3.872e-05,3.948e-05,3.84e-05,3.892e-05,19573879.0,ADA/BTC,2021-06-17
1623974400.0,3.893e-05,3.971e-05,3.85e-05,3.955e-05,24063815.0,ADA/BTC,2021-06-18
1624060800.0,3.955e-05,4.039e-05,3.9e-05,3.901e-05,19333085.0,ADA/BTC,2021-06-19
1624147200.0,3.901e-05,4.089e-05,3.886e-05,4.006e-05,32724919.0,ADA/BTC,2021-06-20
1624233600.0,4.006e-05,4.067e-05,3.702e-05,3.712e-05,67246401.0,ADA/BTC,2021-06-21
1624320000.0,3.713e-05,3.825e-05,3.44e-05,3.555e-05,114495885.0,ADA/BTC,2021-06-22
1624406400.0,3.556e-05,3.782e-05,3.482e-05,3.715e-05,55883115.0,ADA/BTC,2021-06-23
1624492800.0,3.715e-05,4.106e-05,3.671e-05,3.924e-05,68199439.0,ADA/BTC,2021-06-24
1624579200.0,3.922e-05,4.13e-05,3.851e-05,3.966e-05,74988938.0,ADA/BTC,2021-06-25
1624665600.0,3.966e-05,4.003e-05,3.875e-05,3.88e-05,32322526.0,ADA/BTC,2021-06-26
1624752000.0,3.879e-05,3.971e-05,3.771e-05,3.856e-05,31693499.0,ADA/BTC,2021-06-27
1624838400.0,3.856e-05,3.897e-05,3.804e-05,3.844e-05,34630229.0,ADA/BTC,2021-06-28
1624924800.0,3.845e-05,3.94e-05,3.793e-05,3.825e-05,37633658.0,ADA/BTC,2021-06-29
1625011200.0,3.824e-05,4.016e-05,3.753e-05,3.953e-05,32342801.0,ADA/BTC,2021-06-30
1625097600.0,3.953e-05,4.023e-05,3.692e-05,3.973e-05,30457700.0,ADA/BTC,2021-07-01
1625184000.0,3.973e-05,4.157e-05,3.907e-05,4.128e-05,37321046.0,ADA/BTC,2021-07-02
1625270400.0,4.128e-05,4.169e-05,4.024e-05,4.052e-05,22969778.0,ADA/BTC,2021-07-03
1625356800.0,4.052e-05,4.166e-05,4.012e-05,4.141e-05,20710013.0,ADA/BTC,2021-07-04
1625443200.0,4.141e-05,4.2e-05,4.109e-05,4.166e-05,32226641.0,ADA/BTC,2021-07-05
1625529600.0,4.167e-05,4.208e-05,4.124e-05,4.137e-05,20779429.0,ADA/BTC,2021-07-06
1625616000.0,4.137e-05,4.158e-05,4.079e-05,4.146e-05,18923481.0,ADA/BTC,2021-07-07
1625702400.0,4.147e-05,4.206e-05,4.037e-05,4.037e-05,28777134.0,ADA/BTC,2021-07-08
1625788800.0,4.037e-05,4.097e-05,3.976e-05,3.994e-05,19838070.0,ADA/BTC,2021-07-09
1625875200.0,3.994e-05,4.004e-05,3.918e-05,3.987e-05,13090483.0,ADA/BTC,2021-07-10
1625961600.0,3.987e-05,4.004e-05,3.921e-05,3.937e-05,9244794.0,ADA/BTC,2021-07-11
1626048000.0,3.936e-05,4.068e-05,3.6e-05,3.967e-05,46928464.0,ADA/BTC,2021-07-12
1626134400.0,3.968e-05,3.98e-05,3.855e-05,3.866e-05,26119261.0,ADA/BTC,2021-07-13
1626220800.0,3.866e-05,3.926e-05,3.76e-05,3.849e-05,32833393.0,ADA/BTC,2021-07-14
1626307200.0,3.849e-05,3.905e-05,3.798e-05,3.847e-05,25146145.0,ADA/BTC,2021-07-15
1626393600.0,3.847e-05,3.889e-05,3.71e-05,3.731e-05,28032563.0,ADA/BTC,2021-07-16
1626480000.0,3.731e-05,3.761e-05,3.67e-05,3.719e-05,22155195.0,ADA/BTC,2021-07-17
1626566400.0,3.719e-05,3.796e-05,3.711e-05,3.717e-05,19768705.0,ADA/BTC,2021-07-18
1626652800.0,3.717e-05,3.748e-05,3.637e-05,3.639e-05,24711428.0,ADA/BTC,2021-07-19
1626739200.0,3.639e-05,3.663e-05,3.439e-05,3.539e-05,83022533.0,ADA/BTC,2021-07-20
1626825600.0,3.539e-05,3.775e-05,3.513e-05,3.642e-05,53039059.0,ADA/BTC,2021-07-21
1626912000.0,3.642e-05,3.71e-05,3.617e-05,3.673e-05,30218454.0,ADA/BTC,2021-07-22
1626998400.0,3.672e-05,3.681e-05,3.574e-05,3.591e-05,23138663.0,ADA/BTC,2021-07-23
1627084800.0,3.59e-05,3.626e-05,3.558e-05,3.599e-05,21223325.0,ADA/BTC,2021-07-24
1627171200.0,3.6e-05,3.604e-05,3.471e-05,3.471e-05,17324461.0,ADA/BTC,2021-07-25
1627257600.0,3.471e-05,3.624e-05,3.266e-05,3.369e-05,63992710.0,ADA/BTC,2021-07-26
1627344000.0,3.369e-05,3.428e-05,3.241e-05,3.243e-05,36312033.0,ADA/BTC,2021-07-27
1627430400.0,3.243e-05,3.279e-05,3.17e-05,3.217e-05,32741938.0,ADA/BTC,2021-07-28
1627516800.0,3.217e-05,3.272e-05,3.16e-05,3.213e-05,28206525.0,ADA/BTC,2021-07-29
1627603200.0,3.213e-05,3.297e-05,3.089e-05,3.105e-05,32101993.0,ADA/BTC,2021-07-30
1627689600.0,3.106e-05,3.187e-05,3.097e-05,3.183e-05,18367525.0,ADA/BTC,2021-07-31
1627776000.0,3.182e-05,3.307e-05,3.172e-05,3.298e-05,38075034.0,ADA/BTC,2021-08-01
1627862400.0,3.297e-05,3.369e-05,3.274e-05,3.343e-05,28170393.0,ADA/BTC,2021-08-02
1627948800.0,3.343e-05,3.613e-05,3.315e-05,3.584e-05,38563576.0,ADA/BTC,2021-08-03
1628035200.0,3.585e-05,3.592e-05,3.448e-05,3.465e-05,26951708.0,ADA/BTC,2021-08-04
1628121600.0,3.465e-05,3.59e-05,3.373e-05,3.392e-05,27065307.0,ADA/BTC,2021-08-05
1628208000.0,3.392e-05,3.438e-05,3.265e-05,3.274e-05,32193638.0,ADA/BTC,2021-08-06
1628294400.0,3.274e-05,3.388e-05,3.266e-05,3.304e-05,36338271.0,ADA/BTC,2021-08-07
1628380800.0,3.303e-05,3.331e-05,3.229e-05,3.254e-05,27336907.0,ADA/BTC,2021-08-08
1628467200.0,3.255e-05,3.281e-05,3.181e-05,3.188e-05,28912673.0,ADA/BTC,2021-08-09
1628553600.0,3.188e-05,3.72e-05,3.166e-05,3.681e-05,62157496.0,ADA/BTC,2021-08-10
1628640000.0,3.681e-05,4.084e-05,3.661e-05,3.939e-05,87599672.0,ADA/BTC,2021-08-11
1628726400.0,3.94e-05,4.127e-05,3.822e-05,4.127e-05,65788081.0,ADA/BTC,2021-08-12
1628812800.0,4.126e-05,4.5e-05,4.118e-05,4.473e-05,98471135.0,ADA/BTC,2021-08-13
1628899200.0,4.473e-05,4.75e-05,4.394e-05,4.648e-05,104975652.0,ADA/BTC,2021-08-14
1628985600.0,4.648e-05,4.765e-05,4.44e-05,4.613e-05,55240934.0,ADA/BTC,2021-08-15
1629072000.0,4.614e-05,4.641e-05,4.458e-05,4.514e-05,47682637.0,ADA/BTC,2021-08-16
1629158400.0,4.513e-05,4.61e-05,4.287e-05,4.305e-05,51318358.0,ADA/BTC,2021-08-17
1629244800.0,4.304e-05,4.804e-05,4.233e-05,4.708e-05,77640537.0,ADA/BTC,2021-08-18
1629331200.0,4.708e-05,5.258e-05,4.621e-05,5.222e-05,132848323.0,ADA/BTC,2021-08-19
1629417600.0,5.219e-05,5.417e-05,4.917e-05,4.978e-05,110998061.0,ADA/BTC,2021-08-20
1629504000.0,4.978e-05,5.186e-05,4.876e-05,4.988e-05,46418914.0,ADA/BTC,2021-08-21
1629590400.0,4.986e-05,5.52e-05,4.984e-05,5.495e-05,88047533.0,ADA/BTC,2021-08-22
1629676800.0,5.495e-05,5.99e-05,5.38e-05,5.89e-05,123192847.0,ADA/BTC,2021-08-23
1629763200.0,5.889e-05,5.934e-05,5.413e-05,5.704e-05,104478471.0,ADA/BTC,2021-08-24
1629849600.0,5.703e-05,5.801e-05,5.502e-05,5.594e-05,80288205.0,ADA/BTC,2021-08-25
1629936000.0,5.593e-05,5.652e-05,5.276e-05,5.399e-05,75493580.5,ADA/BTC,2021-08-26
1630022400.0,5.399e-05,6.013e-05,5.369e-05,6.003e-05,94240758.7,ADA/BTC,2021-08-27
1630108800.0,6.004e-05,6.006e-05,5.733e-05,5.824e-05,44939893.0,ADA/BTC,2021-08-28
1630195200.0,5.825e-05,6.05e-05,5.678e-05,5.845e-05,55380002.3,ADA/BTC,2021-08-29
1630281600.0,5.846e-05,5.934e-05,5.73e-05,5.82e-05,49599612.7,ADA/BTC,2021-08-30
1630368000.0,5.82e-05,6e-05,5.783e-05,5.875e-05,53876346.8,ADA/BTC,2021-08-31
1630454400.0,5.876e-05,5.992e-05,5.836e-05,5.879e-05,46980296.2,ADA/BTC,2021-09-01
1630540800.0,5.878e-05,6.271e-05,5.814e-05,6.009e-05,85133012.6,ADA/BTC,2021-09-02
1630627200.0,6.009e-05,6.044e-05,5.791e-05,5.932e-05,50110753.8,ADA/BTC,2021-09-03
1630713600.0,5.933e-05,5.938e-05,5.635e-05,5.672e-05,46366785.2,ADA/BTC,2021-09-04
1630800000.0,5.672e-05,5.818e-05,5.6e-05,5.624e-05,42947713.9,ADA/BTC,2021-09-05
1630886400.0,5.624e-05,5.648e-05,5.356e-05,5.379e-05,48349509.6,ADA/BTC,2021-09-06
1630972800.0,5.379e-05,5.462e-05,4.601e-05,5.365e-05,174343981.3,ADA/BTC,2021-09-07
1631059200.0,5.364e-05,5.504e-05,4.94e-05,5.363e-05,102872768.3,ADA/BTC,2021-09-08
1631145600.0,5.365e-05,5.662e-05,5.243e-05,5.427e-05,57825114.5,ADA/BTC,2021-09-09
1631232000.0,5.427e-05,5.509e-05,5.068e-05,5.316e-05,45620834.7,ADA/BTC,2021-09-10
1631318400.0,5.316e-05,6.147e-05,5.277e-05,5.838e-05,97962694.3,ADA/BTC,2021-09-11
1631404800.0,5.839e-05,6.084e-05,5.569e-05,5.606e-05,73867269.9,ADA/BTC,2021-09-12
1631491200.0,5.607e-05,5.615e-05,5.218e-05,5.344e-05,56955453.7,ADA/BTC,2021-09-13
1631577600.0,5.344e-05,5.36e-05,5.012e-05,5.088e-05,40696931.8,ADA/BTC,2021-09-14
1631664000.0,5.088e-05,5.364e-05,5.006e-05,5.205e-05,52944293.5,ADA/BTC,2021-09-15
1631750400.0,5.204e-05,5.244e-05,5.046e-05,5.062e-05,30621442.9,ADA/BTC,2021-09-16
1631836800.0,5.063e-05,5.085e-05,4.92e-05,4.967e-05,23079376.4,ADA/BTC,2021-09-17
1631923200.0,4.967e-05,5.009e-05,4.889e-05,4.909e-05,22867614.7,ADA/BTC,2021-09-18
1632009600.0,4.909e-05,4.975e-05,4.809e-05,4.831e-05,25694242.9,ADA/BTC,2021-09-19
1632096000.0,4.832e-05,4.955e-05,4.644e-05,4.836e-05,69412832.5,ADA/BTC,2021-09-20
1632182400.0,4.836e-05,5.145e-05,4.776e-05,4.879e-05,80362298.4,ADA/BTC,2021-09-21
1632268800.0,4.878e-05,5.2e-05,4.816e-05,5.182e-05,46607053.3,ADA/BTC,2021-09-22
1632355200.0,5.183e-05,5.229e-05,5.016e-05,5.186e-05,32079840.7,ADA/BTC,2021-09-23
1632441600.0,5.187e-05,5.542e-05,5.03e-05,5.319e-05,123244431.4,ADA/BTC,2021-09-24
1632528000.0,5.319e-05,5.754e-05,5.303e-05,5.39e-05,67193324.2,ADA/BTC,2021-09-25
1632614400.0,5.39e-05,5.39e-05,5.093e-05,5.113e-05,39076425.8,ADA/BTC,2021-09-26
1632700800.0,5.112e-05,5.17e-05,4.992e-05,5.054e-05,26622147.5,ADA/BTC,2021-09-27
1632787200.0,5.054e-05,5.102e-05,4.906e-05,4.964e-05,23897004.7,ADA/BTC,2021-09-28
1632873600.0,4.964e-05,5.051e-05,4.909e-05,4.972e-05,19379499.2,ADA/BTC,2021-09-29
1632960000.0,4.973e-05,4.973e-05,4.8e-05,4.827e-05,16945613.7,ADA/BTC,2021-09-30
1633046400.0,4.827e-05,4.868e-05,4.625e-05,4.687e-05,29911214.0,ADA/BTC,2021-10-01
1633132800.0,4.686e-05,4.837e-05,4.619e-05,4.717e-05,24878030.0,ADA/BTC,2021-10-02
1633219200.0,4.719e-05,4.777e-05,4.65e-05,4.67e-05,21096625.7,ADA/BTC,2021-10-03
1633305600.0,4.672e-05,4.674e-05,4.429e-05,4.451e-05,28540964.8,ADA/BTC,2021-10-04
1633392000.0,4.451e-05,4.528e-05,4.31e-05,4.337e-05,26365312.9,ADA/BTC,2021-10-05
1633478400.0,4.338e-05,4.348e-05,3.956e-05,3.993e-05,51144513.9,ADA/BTC,2021-10-06
1633564800.0,3.994e-05,4.355e-05,3.929e-05,4.235e-05,51802101.8,ADA/BTC,2021-10-07
1633651200.0,4.235e-05,4.237e-05,4.09e-05,4.146e-05,24071721.8,ADA/BTC,2021-10-08
1633737600.0,4.146e-05,4.186e-05,4.091e-05,4.128e-05,19492592.2,ADA/BTC,2021-10-09
1633824000.0,4.128e-05,4.132e-05,3.97e-05,4.004e-05,23051202.2,ADA/BTC,2021-10-10
1633910400.0,4.004e-05,4.023e-05,3.715e-05,3.778e-05,31440913.8,ADA/BTC,2021-10-11
1633996800.0,3.778e-05,3.909e-05,3.647e-05,3.781e-05,37621159.9,ADA/BTC,2021-10-12
1634083200.0,3.781e-05,3.876e-05,3.706e-05,3.817e-05,34502188.7,ADA/BTC,2021-10-13
1634169600.0,3.817e-05,3.86e-05,3.724e-05,3.788e-05,30400226.5,ADA/BTC,2021-10-14
1634256000.0,3.788e-05,3.794e-05,3.547e-05,3.594e-05,59757792.0,ADA/BTC,2021-10-15
1634342400.0,3.594e-05,3.656e-05,3.55e-05,3.578e-05,30955437.1,ADA/BTC,2021-10-16
1634428800.0,3.578e-05,3.602e-05,3.491e-05,3.508e-05,25406534.0,ADA/BTC,2021-10-17
1634515200.0,3.508e-05,3.518e-05,3.4e-05,3.431e-05,38092002.8,ADA/BTC,2021-10-18
1634601600.0,3.431e-05,3.475e-05,3.255e-05,3.281e-05,42270443.9,ADA/BTC,2021-10-19
1634688000.0,3.282e-05,3.381e-05,3.268e-05,3.316e-05,43127304.3,ADA/BTC,2021-10-20
1634774400.0,3.316e-05,3.507e-05,3.314e-05,3.435e-05,62136582.0,ADA/BTC,2021-10-21
1634860800.0,3.436e-05,3.633e-05,3.43e-05,3.552e-05,39059756.0,ADA/BTC,2021-10-22
1634947200.0,3.552e-05,3.588e-05,3.495e-05,3.535e-05,39518867.5,ADA/BTC,2021-10-23
1635033600.0,3.535e-05,3.543e-05,3.465e-05,3.482e-05,34291378.6,ADA/BTC,2021-10-24
1635120000.0,3.482e-05,3.491e-05,3.382e-05,3.4e-05,35270878.4,ADA/BTC,2021-10-25
1635206400.0,3.401e-05,3.579e-05,3.398e-05,3.544e-05,44778305.2,ADA/BTC,2021-10-26
1635292800.0,3.544e-05,3.549e-05,3.126e-05,3.272e-05,80970703.1,ADA/BTC,2021-10-27
1635379200.0,3.273e-05,3.58e-05,3.224e-05,3.279e-05,56386926.3,ADA/BTC,2021-10-28
1635465600.0,3.279e-05,3.321e-05,3.211e-05,3.236e-05,36822065.6,ADA/BTC,2021-10-29
1635552000.0,3.237e-05,3.249e-05,3.146e-05,3.162e-05,31052696.6,ADA/BTC,2021-10-30
1635638400.0,3.163e-05,3.286e-05,3.117e-05,3.206e-05,38233472.5,ADA/BTC,2021-10-31
1635724800.0,3.206e-05,3.254e-05,3.142e-05,3.198e-05,37196519.4,ADA/BTC,2021-11-01
1635811200.0,3.198e-05,3.2e-05,3.095e-05,3.117e-05,35278127.6,ADA/BTC,2021-11-02
1635897600.0,3.118e-05,3.399e-05,3.092e-05,3.277e-05,74496031.4,ADA/BTC,2021-11-03
1635984000.0,3.279e-05,3.337e-05,3.18e-05,3.23e-05,33497143.1,ADA/BTC,2021-11-04
1636070400.0,3.23e-05,3.268e-05,3.198e-05,3.251e-05,22356399.9,ADA/BTC,2021-11-05
1636156800.0,3.251e-05,3.329e-05,3.234e-05,3.26e-05,23528073.1,ADA/BTC,2021-11-06
1636243200.0,3.26e-05,3.285e-05,3.189e-05,3.194e-05,20124787.4,ADA/BTC,2021-11-07
1636329600.0,3.194e-05,3.247e-05,3.049e-05,3.148e-05,54976454.1,ADA/BTC,2021-11-08
1636416000.0,3.147e-05,3.509e-05,3.117e-05,3.391e-05,112545277.4,ADA/BTC,2021-11-09
1636502400.0,3.391e-05,3.464e-05,3.056e-05,3.234e-05,76420936.7,ADA/BTC,2021-11-10
1636588800.0,3.233e-05,3.298e-05,3.198e-05,3.21e-05,23582895.1,ADA/BTC,2021-11-11
1636675200.0,3.21e-05,3.228e-05,3.109e-05,3.19e-05,25558224.3,ADA/BTC,2021-11-12
1636761600.0,3.19e-05,3.251e-05,3.177e-05,3.185e-05,15445142.7,ADA/BTC,2021-11-13
1636848000.0,3.184e-05,3.188e-05,3.069e-05,3.114e-05,16145329.3,ADA/BTC,2021-11-14
1636934400.0,3.114e-05,3.179e-05,3.096e-05,3.173e-05,16477601.2,ADA/BTC,2021-11-15
1637020800.0,3.172e-05,3.272e-05,3.008e-05,3.121e-05,47694307.6,ADA/BTC,2021-11-16
1637107200.0,3.12e-05,3.139e-05,3.022e-05,3.11e-05,29525459.5,ADA/BTC,2021-11-17
1637193600.0,3.11e-05,3.156e-05,3e-05,3.141e-05,37402603.8,ADA/BTC,2021-11-18
1637280000.0,3.141e-05,3.274e-05,3.121e-05,3.208e-05,22100039.1,ADA/BTC,2021-11-19
1637366400.0,3.209e-05,3.335e-05,3.183e-05,3.22e-05,23015437.2,ADA/BTC,2021-11-20
1637452800.0,3.219e-05,3.221e-05,3.13e-05,3.131e-05,15599647.7,ADA/BTC,2021-11-21
1637539200.0,3.131e-05,3.178e-05,3.084e-05,3.159e-05,25478109.4,ADA/BTC,2021-11-22
1637625600.0,3.158e-05,3.203e-05,3.023e-05,3.041e-05,26461203.2,ADA/BTC,2021-11-23
1637712000.0,3.041e-05,3.25e-05,2.83e-05,2.915e-05,58996574.6,ADA/BTC,2021-11-24
1637798400.0,2.915e-05,2.975e-05,2.811e-05,2.841e-05,44570257.5,ADA/BTC,2021-11-25
1637884800.0,2.842e-05,2.903e-05,2.699e-05,2.853e-05,56065772.2,ADA/BTC,2021-11-26
1637971200.0,2.853e-05,2.895e-05,2.817e-05,2.821e-05,20945112.2,ADA/BTC,2021-11-27
1638057600.0,2.82e-05,2.822e-05,2.658e-05,2.784e-05,39091898.6,ADA/BTC,2021-11-28
1638144000.0,2.784e-05,2.808e-05,2.735e-05,2.773e-05,25350433.1,ADA/BTC,2021-11-29
1638230400.0,2.773e-05,2.823e-05,2.715e-05,2.73e-05,29431674.5,ADA/BTC,2021-11-30
1638316800.0,2.729e-05,2.812e-05,2.694e-05,2.705e-05,32076720.2,ADA/BTC,2021-12-01
1638403200.0,2.705e-05,3.113e-05,2.693e-05,3.045e-05,81238464.0,ADA/BTC,2021-12-02
1638489600.0,3.045e-05,3.058e-05,2.861e-05,2.902e-05,34830210.4,ADA/BTC,2021-12-03
1638576000.0,2.903e-05,2.939e-05,2.636e-05,2.889e-05,113877431.2,ADA/BTC,2021-12-04
1638662400.0,2.888e-05,2.897e-05,2.685e-05,2.792e-05,45018570.5,ADA/BTC,2021-12-05
1638748800.0,2.791e-05,2.839e-05,2.639e-05,2.815e-05,52743726.2,ADA/BTC,2021-12-06
1638835200.0,2.814e-05,2.888e-05,2.722e-05,2.725e-05,41283212.3,ADA/BTC,2021-12-07
1638921600.0,2.724e-05,2.806e-05,2.684e-05,2.767e-05,28431194.0,ADA/BTC,2021-12-08
1639008000.0,2.767e-05,2.788e-05,2.708e-05,2.712e-05,27659241.2,ADA/BTC,2021-12-09
1639094400.0,2.711e-05,2.728e-05,2.563e-05,2.568e-05,38209569.1,ADA/BTC,2021-12-10
1639180800.0,2.567e-05,2.788e-05,2.53e-05,2.741e-05,31119169.5,ADA/BTC,2021-12-11
1639267200.0,2.741e-05,2.867e-05,2.672e-05,2.689e-05,27923411.5,ADA/BTC,2021-12-12
1639353600.0,2.69e-05,2.705e-05,2.581e-05,2.62e-05,26791932.1,ADA/BTC,2021-12-13
1639440000.0,2.621e-05,2.656e-05,2.578e-05,2.62e-05,30476100.9,ADA/BTC,2021-12-14
1639526400.0,2.62e-05,2.699e-05,2.57e-05,2.683e-05,23707746.8,ADA/BTC,2021-12-15
1639612800.0,2.684e-05,2.699e-05,2.597e-05,2.601e-05,19366866.1,ADA/BTC,2021-12-16
1639699200.0,2.603e-05,2.663e-05,2.569e-05,2.639e-05,20482638.1,ADA/BTC,2021-12-17
1639785600.0,2.639e-05,2.7e-05,2.626e-05,2.653e-05,11580214.1,ADA/BTC,2021-12-18
1639872000.0,2.654e-05,2.771e-05,2.599e-05,2.664e-05,23259395.1,ADA/BTC,2021-12-19
1639958400.0,2.664e-05,2.678e-05,2.626e-05,2.638e-05,19609794.8,ADA/BTC,2021-12-20
1640044800.0,2.638e-05,2.647e-05,2.563e-05,2.618e-05,18245026.8,ADA/BTC,2021-12-21
1640131200.0,2.618e-05,2.786e-05,2.616e-05,2.732e-05,34588475.5,ADA/BTC,2021-12-22
1640217600.0,2.732e-05,2.938e-05,2.714e-05,2.9e-05,36246979.1,ADA/BTC,2021-12-23
1640304000.0,2.9e-05,2.912e-05,2.734e-05,2.742e-05,21632469.5,ADA/BTC,2021-12-24
1640390400.0,2.74e-05,2.885e-05,2.727e-05,2.882e-05,18946220.6,ADA/BTC,2021-12-25
1640476800.0,2.882e-05,2.917e-05,2.833e-05,2.866e-05,21939162.0,ADA/BTC,2021-12-26
1640563200.0,2.866e-05,3.141e-05,2.854e-05,2.989e-05,39242577.2,ADA/BTC,2021-12-27
1640649600.0,2.988e-05,3.126e-05,2.909e-05,2.942e-05,38425748.2,ADA/BTC,2021-12-28
1640736000.0,2.942e-05,2.993e-05,2.85e-05,2.865e-05,30591802.4,ADA/BTC,2021-12-29
1640822400.0,2.867e-05,2.894e-05,2.79e-05,2.882e-05,26597269.5,ADA/BTC,2021-12-30
1640908800.0,2.882e-05,2.894e-05,2.797e-05,2.831e-05,26961800.7,ADA/BTC,2021-12-31
1640995200.0,2.83e-05,2.898e-05,2.795e-05,2.889e-05,18481356.6,ADA/BTC,2022-01-01
1641081600.0,2.891e-05,2.914e-05,2.851e-05,2.912e-05,20509418.6,ADA/BTC,2022-01-02
1641168000.0,2.912e-05,2.914e-05,2.838e-05,2.841e-05,21407040.9,ADA/BTC,2022-01-03
1641254400.0,2.84e-05,2.88e-05,2.812e-05,2.856e-05,26276530.2,ADA/BTC,2022-01-04
1641340800.0,2.857e-05,2.907e-05,2.783e-05,2.829e-05,31526084.0,ADA/BTC,2022-01-05
1641427200.0,2.833e-05,3e-05,2.781e-05,2.971e-05,40033962.3,ADA/BTC,2022-01-06
1641513600.0,2.972e-05,2.984e-05,2.882e-05,2.91e-05,42861475.9,ADA/BTC,2022-01-07
1641600000.0,2.911e-05,2.977e-05,2.64e-05,2.834e-05,44209112.5,ADA/BTC,2022-01-08
1641686400.0,2.836e-05,2.863e-05,2.767e-05,2.795e-05,32302799.7,ADA/BTC,2022-01-09
1641772800.0,2.796e-05,2.809e-05,2.684e-05,2.686e-05,36129398.2,ADA/BTC,2022-01-10
1641859200.0,2.685e-05,2.803e-05,2.683e-05,2.779e-05,27811177.5,ADA/BTC,2022-01-11
1641945600.0,2.778e-05,2.991e-05,2.778e-05,2.989e-05,39408111.3,ADA/BTC,2022-01-12
1642032000.0,2.988e-05,3.094e-05,2.885e-05,2.896e-05,43802102.0,ADA/BTC,2022-01-13
1642118400.0,2.895e-05,3.053e-05,2.885e-05,3e-05,42350743.2,ADA/BTC,2022-01-14
1642204800.0,2.999e-05,3.03e-05,2.935e-05,2.998e-05,21044694.4,ADA/BTC,2022-01-15
1642291200.0,2.998e-05,3.291e-05,2.991e-05,3.276e-05,67130557.9,ADA/BTC,2022-01-16
1642377600.0,3.275e-05,3.802e-05,3.235e-05,3.796e-05,134545858.5,ADA/BTC,2022-01-17
1642464000.0,3.796e-05,3.879e-05,3.406e-05,3.443e-05,107091697.4,ADA/BTC,2022-01-18
1642550400.0,3.443e-05,3.618e-05,3.184e-05,3.209e-05,85925415.8,ADA/BTC,2022-01-19
1642636800.0,3.208e-05,3.294e-05,3.068e-05,3.097e-05,62829399.6,ADA/BTC,2022-01-20
1642723200.0,3.095e-05,3.198e-05,3.042e-05,3.074e-05,83488472.1,ADA/BTC,2022-01-21
1642809600.0,3.075e-05,3.177e-05,2.689e-05,3.053e-05,145181159.4,ADA/BTC,2022-01-22
1642896000.0,3.054e-05,3.242e-05,3.006e-05,3.102e-05,81529902.4,ADA/BTC,2022-01-23
1642982400.0,3.102e-05,3.102e-05,2.871e-05,2.908e-05,94730591.4,ADA/BTC,2022-01-24
1643068800.0,2.907e-05,2.919e-05,2.769e-05,2.82e-05,44406234.6,ADA/BTC,2022-01-25
1643155200.0,2.82e-05,3.016e-05,2.767e-05,2.927e-05,52878480.7,ADA/BTC,2022-01-26
1643241600.0,2.926e-05,2.926e-05,2.804e-05,2.807e-05,35392862.3,ADA/BTC,2022-01-27
1643328000.0,2.807e-05,2.844e-05,2.766e-05,2.78e-05,26044062.9,ADA/BTC,2022-01-28
1643414400.0,2.778e-05,2.848e-05,2.767e-05,2.776e-05,19288101.1,ADA/BTC,2022-01-29
1643500800.0,2.776e-05,2.818e-05,2.727e-05,2.733e-05,15642250.9,ADA/BTC,2022-01-30
1643587200.0,2.733e-05,2.774e-05,2.71e-05,2.733e-05,20349758.7,ADA/BTC,2022-01-31
1643673600.0,2.734e-05,2.832e-05,2.7e-05,2.831e-05,26189143.5,ADA/BTC,2022-02-01
1643760000.0,2.832e-05,2.844e-05,2.76e-05,2.783e-05,24261978.3,ADA/BTC,2022-02-02
1643846400.0,2.783e-05,2.873e-05,2.771e-05,2.842e-05,22931187.2,ADA/BTC,2022-02-03
1643932800.0,2.843e-05,2.848e-05,2.7e-05,2.74e-05,29766919.4,ADA/BTC,2022-02-04
1644019200.0,2.74e-05,2.828e-05,2.677e-05,2.719e-05,30036802.4,ADA/BTC,2022-02-05
1644105600.0,2.719e-05,2.748e-05,2.668e-05,2.695e-05,18598225.3,ADA/BTC,2022-02-06
1644192000.0,2.695e-05,2.803e-05,2.675e-05,2.733e-05,43920311.4,ADA/BTC,2022-02-07
1644278400.0,2.734e-05,2.854e-05,2.635e-05,2.669e-05,45518102.3,ADA/BTC,2022-02-08
1644364800.0,2.67e-05,2.754e-05,2.651e-05,2.692e-05,27880675.1,ADA/BTC,2022-02-09
1644451200.0,2.692e-05,2.717e-05,2.622e-05,2.645e-05,31486124.3,ADA/BTC,2022-02-10
1644537600.0,2.644e-05,2.677e-05,2.539e-05,2.547e-05,22513947.4,ADA/BTC,2022-02-11
1644624000.0,2.547e-05,2.575e-05,2.454e-05,2.508e-05,31650378.1,ADA/BTC,2022-02-12
1644710400.0,2.508e-05,2.523e-05,2.464e-05,2.478e-05,21831222.6,ADA/BTC,2022-02-13
1644796800.0,2.478e-05,2.49e-05,2.428e-05,2.467e-05,22566823.6,ADA/BTC,2022-02-14
1644883200.0,2.467e-05,2.515e-05,2.399e-05,2.487e-05,29442526.6,ADA/BTC,2022-02-15
1644969600.0,2.486e-05,2.51e-05,2.449e-05,2.468e-05,17690645.4,ADA/BTC,2022-02-16
1645056000.0,2.468e-05,2.534e-05,2.447e-05,2.517e-05,18955874.6,ADA/BTC,2022-02-17
1645142400.0,2.516e-05,2.556e-05,2.477e-05,2.49e-05,21366895.6,ADA/BTC,2022-02-18
1645228800.0,2.49e-05,2.52e-05,2.454e-05,2.486e-05,21690363.3,ADA/BTC,2022-02-19
1645315200.0,2.486e-05,2.495e-05,2.39e-05,2.427e-05,37627122.1,ADA/BTC,2022-02-20
1645401600.0,2.427e-05,2.528e-05,2.308e-05,2.315e-05,45363137.6,ADA/BTC,2022-02-21
1645488000.0,2.314e-05,2.349e-05,2.235e-05,2.322e-05,53878830.7,ADA/BTC,2022-02-22
1645574400.0,2.321e-05,2.475e-05,2.308e-05,2.325e-05,42613287.6,ADA/BTC,2022-02-23
1645660800.0,2.325e-05,2.343e-05,2.142e-05,2.226e-05,94307652.2,ADA/BTC,2022-02-24
1645747200.0,2.225e-05,2.312e-05,2.166e-05,2.292e-05,26846405.2,ADA/BTC,2022-02-25
1645833600.0,2.291e-05,2.356e-05,2.264e-05,2.268e-05,20427522.3,ADA/BTC,2022-02-26
1645920000.0,2.267e-05,2.298e-05,2.22e-05,2.272e-05,20132519.5,ADA/BTC,2022-02-27
1646006400.0,2.273e-05,2.338e-05,2.169e-05,2.231e-05,30066227.3,ADA/BTC,2022-02-28
1646092800.0,2.23e-05,2.265e-05,2.159e-05,2.17e-05,25630149.3,ADA/BTC,2022-03-01
1646179200.0,2.169e-05,2.197e-05,2.13e-05,2.139e-05,18371997.9,ADA/BTC,2022-03-02
1646265600.0,2.14e-05,2.149e-05,2.098e-05,2.124e-05,15540708.4,ADA/BTC,2022-03-03
1646352000.0,2.125e-05,2.166e-05,2.091e-05,2.157e-05,15640191.5,ADA/BTC,2022-03-04
1646438400.0,2.157e-05,2.25e-05,2.121e-05,2.196e-05,15766401.5,ADA/BTC,2022-03-05
1646524800.0,2.195e-05,2.202e-05,2.14e-05,2.141e-05,12025020.9,ADA/BTC,2022-03-06
1646611200.0,2.141e-05,2.163e-05,2.087e-05,2.088e-05,17168987.1,ADA/BTC,2022-03-07
1646697600.0,2.088e-05,2.105e-05,2.054e-05,2.07e-05,18086751.3,ADA/BTC,2022-03-08
1646784000.0,2.07e-05,2.076e-05,1.996e-05,2.025e-05,16742891.4,ADA/BTC,2022-03-09
1646870400.0,2.025e-05,2.07e-05,2.008e-05,2.046e-05,15149837.9,ADA/BTC,2022-03-10
1646956800.0,2.046e-05,2.066e-05,2.029e-05,2.036e-05,10976239.7,ADA/BTC,2022-03-11
1647043200.0,2.036e-05,2.042e-05,2.02e-05,2.035e-05,9812470.4,ADA/BTC,2022-03-12
1647129600.0,2.034e-05,2.104e-05,2.024e-05,2.083e-05,19228246.2,ADA/BTC,2022-03-13
1647216000.0,2.083e-05,2.105e-05,2.022e-05,2.024e-05,16938106.3,ADA/BTC,2022-03-14
1647302400.0,2.023e-05,2.061e-05,2.019e-05,2.034e-05,13172997.3,ADA/BTC,2022-03-15
1647388800.0,2.034e-05,2.059e-05,1.99e-05,2.04e-05,27600978.4,ADA/BTC,2022-03-16
1647475200.0,2.04e-05,2.09e-05,2.026e-05,2.044e-05,17670982.4,ADA/BTC,2022-03-17
1647561600.0,2.043e-05,2.072e-05,2.029e-05,2.04e-05,13587407.4,ADA/BTC,2022-03-18
1647648000.0,2.04e-05,2.178e-05,2.036e-05,2.139e-05,27891289.8,ADA/BTC,2022-03-19
1647734400.0,2.138e-05,2.182e-05,2.107e-05,2.129e-05,22710397.6,ADA/BTC,2022-03-20
1647820800.0,2.129e-05,2.274e-05,2.123e-05,2.238e-05,24800019.8,ADA/BTC,2022-03-21
1647907200.0,2.237e-05,2.309e-05,2.185e-05,2.3e-05,34220683.3,ADA/BTC,2022-03-22
1647993600.0,2.301e-05,2.586e-05,2.285e-05,2.582e-05,70854805.4,ADA/BTC,2022-03-23
1648080000.0,2.582e-05,2.731e-05,2.522e-05,2.569e-05,58202056.7,ADA/BTC,2022-03-24
1648166400.0,2.569e-05,2.651e-05,2.436e-05,2.474e-05,35474126.5,ADA/BTC,2022-03-25
1648252800.0,2.474e-05,2.602e-05,2.441e-05,2.589e-05,21038581.2,ADA/BTC,2022-03-26
1648339200.0,2.588e-05,2.592e-05,2.461e-05,2.529e-05,21140145.1,ADA/BTC,2022-03-27
1648425600.0,2.527e-05,2.634e-05,2.467e-05,2.481e-05,31096912.7,ADA/BTC,2022-03-28
1648512000.0,2.48e-05,2.591e-05,2.478e-05,2.507e-05,17760772.8,ADA/BTC,2022-03-29
1648598400.0,2.51e-05,2.556e-05,2.489e-05,2.529e-05,15215386.3,ADA/BTC,2022-03-30
1648684800.0,2.529e-05,2.599e-05,2.485e-05,2.509e-05,20624136.9,ADA/BTC,2022-03-31
1648771200.0,2.508e-05,2.562e-05,2.487e-05,2.519e-05,19056037.2,ADA/BTC,2022-04-01
1648857600.0,2.519e-05,2.565e-05,2.488e-05,2.522e-05,14490763.7,ADA/BTC,2022-04-02
1648944000.0,2.522e-05,2.56e-05,2.507e-05,2.555e-05,12853992.3,ADA/BTC,2022-04-03
1649030400.0,2.556e-05,2.704e-05,2.536e-05,2.602e-05,30168214.7,ADA/BTC,2022-04-04
1649116800.0,2.602e-05,2.614e-05,2.554e-05,2.573e-05,14787420.9,ADA/BTC,2022-04-05
1649203200.0,2.574e-05,2.579e-05,2.427e-05,2.438e-05,27758618.4,ADA/BTC,2022-04-06
1649289600.0,2.438e-05,2.516e-05,2.427e-05,2.507e-05,14310352.8,ADA/BTC,2022-04-07
1649376000.0,2.507e-05,2.525e-05,2.42e-05,2.425e-05,14030289.8,ADA/BTC,2022-04-08
1649462400.0,2.425e-05,2.464e-05,2.417e-05,2.444e-05,12093656.0,ADA/BTC,2022-04-09
1649548800.0,2.443e-05,2.48e-05,2.418e-05,2.435e-05,10232142.0,ADA/BTC,2022-04-10
1649635200.0,2.436e-05,2.437e-05,2.301e-05,2.327e-05,21694681.8,ADA/BTC,2022-04-11
1649721600.0,2.328e-05,2.419e-05,2.322e-05,2.381e-05,17273233.3,ADA/BTC,2022-04-12
1649808000.0,2.381e-05,2.393e-05,2.338e-05,2.368e-05,10272222.9,ADA/BTC,2022-04-13
1649894400.0,2.368e-05,2.378e-05,2.325e-05,2.335e-05,10195133.8,ADA/BTC,2022-04-14
1649980800.0,2.335e-05,2.379e-05,2.333e-05,2.355e-05,8468982.2,ADA/BTC,2022-04-15
1650067200.0,2.356e-05,2.373e-05,2.332e-05,2.355e-05,9427542.4,ADA/BTC,2022-04-16
1650153600.0,2.356e-05,2.375e-05,2.304e-05,2.305e-05,9443309.7,ADA/BTC,2022-04-17
1650240000.0,2.305e-05,2.324e-05,2.25e-05,2.296e-05,19242015.6,ADA/BTC,2022-04-18
1650326400.0,2.296e-05,2.308e-05,2.271e-05,2.295e-05,11824071.6,ADA/BTC,2022-04-19
1650412800.0,2.295e-05,2.322e-05,2.257e-05,2.264e-05,12779948.7,ADA/BTC,2022-04-20
1650499200.0,2.264e-05,2.28e-05,2.217e-05,2.247e-05,12486524.3,ADA/BTC,2022-04-21
1650585600.0,2.247e-05,2.296e-05,2.247e-05,2.281e-05,12557046.0,ADA/BTC,2022-04-22
1650672000.0,2.281e-05,2.291e-05,2.242e-05,2.249e-05,6444087.0,ADA/BTC,2022-04-23
1650758400.0,2.248e-05,2.26e-05,2.228e-05,2.244e-05,8859873.4,ADA/BTC,2022-04-24
1650844800.0,2.245e-05,2.249e-05,2.149e-05,2.219e-05,30300980.3,ADA/BTC,2022-04-25
1650931200.0,2.22e-05,2.222e-05,2.15e-05,2.166e-05,18332396.9,ADA/BTC,2022-04-26
1651017600.0,2.167e-05,2.19e-05,2.13e-05,2.142e-05,18083629.2,ADA/BTC,2022-04-27
1651104000.0,2.142e-05,2.145e-05,2.098e-05,2.121e-05,17011224.3,ADA/BTC,2022-04-28
1651190400.0,2.122e-05,2.129e-05,2.068e-05,2.085e-05,18187902.3,ADA/BTC,2022-04-29
1651276800.0,2.086e-05,2.113e-05,1.955e-05,2.008e-05,27956162.6,ADA/BTC,2022-04-30
1651363200.0,2.007e-05,2.074e-05,1.983e-05,2.052e-05,23643385.2,ADA/BTC,2022-05-01
1651449600.0,2.053e-05,2.057e-05,1.996e-05,2.027e-05,15213018.7,ADA/BTC,2022-05-02
1651536000.0,2.028e-05,2.074e-05,2.016e-05,2.043e-05,15245803.7,ADA/BTC,2022-05-03
1651622400.0,2.044e-05,2.267e-05,2.033e-05,2.265e-05,45987272.1,ADA/BTC,2022-05-04
1651708800.0,2.264e-05,2.281e-05,2.116e-05,2.158e-05,51601441.8,ADA/BTC,2022-05-05
1651795200.0,2.157e-05,2.198e-05,2.136e-05,2.174e-05,33465526.4,ADA/BTC,2022-05-06
1651881600.0,2.175e-05,2.184e-05,2.136e-05,2.143e-05,19380801.7,ADA/BTC,2022-05-07
1651968000.0,2.143e-05,2.204e-05,2.128e-05,2.174e-05,21618953.7,ADA/BTC,2022-05-08
1652054400.0,2.174e-05,2.29e-05,1.974e-05,2.003e-05,97877355.7,ADA/BTC,2022-05-09
1652140800.0,2.003e-05,2.17e-05,1.94e-05,2.026e-05,76944296.2,ADA/BTC,2022-05-10
1652227200.0,2.027e-05,2.082e-05,1.666e-05,1.781e-05,111137573.6,ADA/BTC,2022-05-11
1652313600.0,1.782e-05,1.826e-05,1.498e-05,1.629e-05,139013865.0,ADA/BTC,2022-05-12
1652400000.0,1.631e-05,1.972e-05,1.624e-05,1.806e-05,83366449.9,ADA/BTC,2022-05-13
1652486400.0,1.806e-05,1.869e-05,1.704e-05,1.785e-05,56327173.9,ADA/BTC,2022-05-14
1652572800.0,1.787e-05,1.92e-05,1.739e-05,1.91e-05,37856690.0,ADA/BTC,2022-05-15
1652659200.0,1.909e-05,1.978e-05,1.85e-05,1.864e-05,47177298.6,ADA/BTC,2022-05-16
1652745600.0,1.865e-05,1.957e-05,1.861e-05,1.898e-05,29586040.2,ADA/BTC,2022-05-17
1652832000.0,1.897e-05,1.914e-05,1.753e-05,1.762e-05,29276440.3,ADA/BTC,2022-05-18
1652918400.0,1.763e-05,1.8e-05,1.714e-05,1.759e-05,42793276.9,ADA/BTC,2022-05-19
1653004800.0,1.76e-05,1.783e-05,1.735e-05,1.768e-05,23214207.9,ADA/BTC,2022-05-20
1653091200.0,1.768e-05,1.818e-05,1.755e-05,1.795e-05,12352902.7,ADA/BTC,2022-05-21
1653177600.0,1.796e-05,1.819e-05,1.778e-05,1.788e-05,13558100.5,ADA/BTC,2022-05-22
1653264000.0,1.788e-05,1.833e-05,1.745e-05,1.763e-05,24250548.7,ADA/BTC,2022-05-23
1653350400.0,1.763e-05,1.781e-05,1.713e-05,1.76e-05,12410699.5,ADA/BTC,2022-05-24
1653436800.0,1.76e-05,1.766e-05,1.712e-05,1.741e-05,8895040.7,ADA/BTC,2022-05-25
1653523200.0,1.742e-05,1.748e-05,1.626e-05,1.638e-05,16892970.0,ADA/BTC,2022-05-26
1653609600.0,1.64e-05,1.647e-05,1.562e-05,1.595e-05,21158546.3,ADA/BTC,2022-05-27
1653696000.0,1.595e-05,1.61e-05,1.563e-05,1.601e-05,12246315.4,ADA/BTC,2022-05-28
1653782400.0,1.601e-05,1.639e-05,1.58e-05,1.636e-05,11782336.3,ADA/BTC,2022-05-29
1653868800.0,1.636e-05,1.818e-05,1.628e-05,1.796e-05,26484649.3,ADA/BTC,2022-05-30
1653955200.0,1.796e-05,2.171e-05,1.791e-05,1.971e-05,86151060.1,ADA/BTC,2022-05-31
1654041600.0,1.97e-05,1.975e-05,1.824e-05,1.851e-05,34641874.3,ADA/BTC,2022-06-01
1654128000.0,1.852e-05,1.97e-05,1.849e-05,1.928e-05,34595053.0,ADA/BTC,2022-06-02
1654214400.0,1.929e-05,1.976e-05,1.832e-05,1.886e-05,18904350.5,ADA/BTC,2022-06-03
1654300800.0,1.886e-05,1.912e-05,1.847e-05,1.898e-05,11923745.5,ADA/BTC,2022-06-04
1654387200.0,1.898e-05,1.93e-05,1.874e-05,1.896e-05,8419496.3,ADA/BTC,2022-06-05
1654473600.0,1.896e-05,2.058e-05,1.89e-05,1.942e-05,33742595.4,ADA/BTC,2022-06-06
1654560000.0,1.942e-05,2.1e-05,1.912e-05,1.973e-05,28396571.8,ADA/BTC,2022-06-07
1654646400.0,1.972e-05,2.194e-05,1.963e-05,2.122e-05,47995198.3,ADA/BTC,2022-06-08
1654732800.0,2.121e-05,2.158e-05,2.08e-05,2.1e-05,20640519.5,ADA/BTC,2022-06-09
1654819200.0,2.099e-05,2.105e-05,1.968e-05,1.974e-05,29621767.1,ADA/BTC,2022-06-10
1654905600.0,1.974e-05,2.103e-05,1.923e-05,1.949e-05,30766136.3,ADA/BTC,2022-06-11
1654992000.0,1.95e-05,1.968e-05,1.829e-05,1.845e-05,38683227.1,ADA/BTC,2022-06-12
1655078400.0,1.846e-05,2.085e-05,1.777e-05,2.064e-05,89860450.8,ADA/BTC,2022-06-13
1655164800.0,2.064e-05,2.275e-05,2.05e-05,2.182e-05,67548593.1,ADA/BTC,2022-06-14
1655251200.0,2.182e-05,2.396e-05,2.146e-05,2.367e-05,67765998.2,ADA/BTC,2022-06-15
1655337600.0,2.368e-05,2.407e-05,2.295e-05,2.334e-05,29478119.4,ADA/BTC,2022-06-16
1655424000.0,2.334e-05,2.409e-05,2.322e-05,2.38e-05,19970577.8,ADA/BTC,2022-06-17
1655510400.0,2.379e-05,2.457e-05,2.358e-05,2.397e-05,39148333.5,ADA/BTC,2022-06-18
1655596800.0,2.398e-05,2.455e-05,2.335e-05,2.356e-05,30913965.0,ADA/BTC,2022-06-19
1655683200.0,2.357e-05,2.438e-05,2.312e-05,2.39e-05,27834865.5,ADA/BTC,2022-06-20
1655769600.0,2.39e-05,2.403e-05,2.282e-05,2.322e-05,23820959.6,ADA/BTC,2022-06-21
1655856000.0,2.322e-05,2.345e-05,2.277e-05,2.298e-05,18580580.3,ADA/BTC,2022-06-22
1655942400.0,2.298e-05,2.332e-05,2.263e-05,2.273e-05,16357266.7,ADA/BTC,2022-06-23
1656028800.0,2.274e-05,2.386e-05,2.269e-05,2.345e-05,20450692.1,ADA/BTC,2022-06-24
1656115200.0,2.346e-05,2.365e-05,2.283e-05,2.319e-05,12050587.0,ADA/BTC,2022-06-25
1656201600.0,2.32e-05,2.448e-05,2.304e-05,2.331e-05,20390275.1,ADA/BTC,2022-06-26
1656288000.0,2.329e-05,2.374e-05,2.309e-05,2.341e-05,12925409.8,ADA/BTC,2022-06-27
1656374400.0,2.342e-05,2.356e-05,2.305e-05,2.314e-05,15854713.9,ADA/BTC,2022-06-28
1656460800.0,2.315e-05,2.356e-05,2.301e-05,2.317e-05,16868167.9,ADA/BTC,2022-06-29
1656547200.0,2.317e-05,2.374e-05,2.284e-05,2.306e-05,29960090.9,ADA/BTC,2022-06-30
1656633600.0,2.306e-05,2.349e-05,2.27e-05,2.327e-05,22766366.4,ADA/BTC,2022-07-01
1656720000.0,2.328e-05,2.399e-05,2.314e-05,2.367e-05,13948976.7,ADA/BTC,2022-07-02
1656806400.0,2.368e-05,2.373e-05,2.337e-05,2.36e-05,10934743.2,ADA/BTC,2022-07-03
1656892800.0,2.361e-05,2.408e-05,2.279e-05,2.32e-05,25048239.9,ADA/BTC,2022-07-04
1656979200.0,2.321e-05,2.322e-05,2.23e-05,2.266e-05,20241330.3,ADA/BTC,2022-07-05
1657065600.0,2.266e-05,2.289e-05,2.242e-05,2.247e-05,13656337.0,ADA/BTC,2022-07-06
1657152000.0,2.248e-05,2.288e-05,2.193e-05,2.209e-05,12864322.5,ADA/BTC,2022-07-07
1657238400.0,2.209e-05,2.246e-05,2.133e-05,2.159e-05,17854389.0,ADA/BTC,2022-07-08
1657324800.0,2.158e-05,2.25e-05,2.157e-05,2.215e-05,10517336.0,ADA/BTC,2022-07-09
1657411200.0,2.215e-05,2.23e-05,2.183e-05,2.217e-05,8929535.6,ADA/BTC,2022-07-10
1657497600.0,2.216e-05,2.233e-05,2.164e-05,2.178e-05,14519561.8,ADA/BTC,2022-07-11
1657584000.0,2.178e-05,2.213e-05,2.155e-05,2.158e-05,11737842.5,ADA/BTC,2022-07-12
1657670400.0,2.158e-05,2.19e-05,2.121e-05,2.166e-05,17609360.4,ADA/BTC,2022-07-13
1657756800.0,2.166e-05,2.168e-05,2.115e-05,2.145e-05,12422363.6,ADA/BTC,2022-07-14
1657843200.0,2.145e-05,2.175e-05,2.092e-05,2.121e-05,13969046.8,ADA/BTC,2022-07-15
1657929600.0,2.122e-05,2.16e-05,2.104e-05,2.159e-05,12131047.4,ADA/BTC,2022-07-16
1658016000.0,2.159e-05,2.17e-05,2.106e-05,2.153e-05,12303599.0,ADA/BTC,2022-07-17
1658102400.0,2.152e-05,2.241e-05,2.119e-05,2.185e-05,31313722.3,ADA/BTC,2022-07-18
1658188800.0,2.185e-05,2.283e-05,2.155e-05,2.204e-05,24136856.8,ADA/BTC,2022-07-19
1658275200.0,2.203e-05,2.321e-05,2.102e-05,2.114e-05,28912726.6,ADA/BTC,2022-07-20
1658361600.0,2.113e-05,2.165e-05,2.098e-05,2.157e-05,14178902.9,ADA/BTC,2022-07-21
1658448000.0,2.157e-05,2.177e-05,2.108e-05,2.128e-05,10615980.0,ADA/BTC,2022-07-22
1658534400.0,2.129e-05,2.306e-05,2.119e-05,2.303e-05,13070853.3,ADA/BTC,2022-07-23
1658620800.0,2.304e-05,2.363e-05,2.262e-05,2.268e-05,18406655.9,ADA/BTC,2022-07-24
1658707200.0,2.267e-05,2.277e-05,2.213e-05,2.23e-05,11010716.3,ADA/BTC,2022-07-25
1658793600.0,2.23e-05,2.244e-05,2.167e-05,2.201e-05,12894010.9,ADA/BTC,2022-07-26
1658880000.0,2.202e-05,2.249e-05,2.155e-05,2.225e-05,16267952.1,ADA/BTC,2022-07-27
1658966400.0,2.227e-05,2.234e-05,2.135e-05,2.152e-05,19412847.3,ADA/BTC,2022-07-28
1659052800.0,2.151e-05,2.269e-05,2.136e-05,2.23e-05,25419658.5,ADA/BTC,2022-07-29
